"","average","sd","se"
"YPDOP56",78.8691395175444,NA,NA
"YPDOP57",76.4485178324866,NA,NA
"YPDOP58",78.8388700381882,NA,NA
"YPDOP59",74.5158627809764,NA,NA
"LB",NA,NA,NA
