"","average","sd","se"
"PR109",263.086271420418,83.4259739879929,26.3816093820018
