"","average","sd","se"
"S288C",88.3151805084989,21.6406897345731,6.84338696982757
"Voss",101.895216178816,4.67766729329992,1.47920827833026
"revkaufii",94.6808102362526,17.3530294922324,5.48750974995296
