"","average","sd","se"
"CENPKA",83.382470871502,2.89431546790314,0.915262914562989
"YEF473",69.8485735425437,9.61470881415783,3.04043788920353
"BY4741",104.326924598317,14.4100343977934,4.55685298583999
"BY4742",118.455712815047,16.4589056628654,5.20476296884979
"S288c",131.245819655407,36.2271809690966,11.4560405069451
"w303a",87.6576520282168,9.81856881031109,3.10490408036728
