"","average","sd","se"
"H4S64A",476.69130565432,49.852190866282,20.3520716970378
"H3R63A",270.419255733891,45.3470191160841,18.5128430317735
"H3P16A",366.821320464416,99.5961911281396,40.6599747647751
"H3S87A",358.635790810518,28.4851319987878,11.6290064421426
"H4R78K",368.175004976479,4.0499796072681,1.65339725108071
"H4K44R",323.812918652592,21.8694260634456,8.92815580382751
"H3E94A",328.466923503323,25.7174153538343,10.499090853352
"H3R69A",339.166844418064,44.1964959127593,18.0431439008771
"WT",336.166494730237,18.3842991626122,7.50535870451265
"H3T32D",334.987381871426,20.8307857671485,8.50413267845734
"H3K27R",423.229423622871,160.32400232499,65.4519998695016
"X2000",269.242701767637,8.48212871085004,3.46281454569898
"X200",320.515232034847,34.330459102935,14.0153512396128
"X1000",311.351864594971,17.0607093822807,6.9650054394169
"H3R40A",332.406750477686,34.2617094038082,13.9872842924744
"H3K79A",323.38789911379,26.2122944060346,10.7011243803991
"H3K4A",372.47646316688,30.2584116690085,12.3529448360245
"H3K36A",362.939799306598,54.532581540222,22.2628331883769
