"","average","sd","se"
"H4R17A",326.969244258662,55.8980591304661,22.8202870802607
"H4S64A",402.294153549225,33.3307993407649,13.6072418506613
"H3R63A",416.810103312015,61.4677317075374,25.0940963882935
"H3P16A",382.492109852929,29.4953795206088,12.0414382658714
"H3K42A",400.227457649372,113.933542477333,46.5131739428629
"H3S87A",443.0541176764,29.7498339532623,12.1453188530031
"H4R78K",432.403644026404,66.6993890852083,27.2299115690203
"H4K44R",385.413945577592,43.4162150991433,17.7245955926366
"H3E94A",424.187544053189,33.5796924105105,13.7088520208933
"H3R69A",464.961595429889,78.2768067569406,31.9563725414912
"WT",446.389553663732,37.4517049557797,15.289594523154
"H3T32D",462.044712367554,26.7852221450961,10.9350211504303
"H3K27R",448.804539113084,74.3907042928034,30.3698778539397
"X2000",461.550102509072,22.2940937910823,9.10152567765038
"X200",576.175748795162,50.7035987587127,20.6996575136101
"X1000",501.192193620888,48.0508012483042,19.616657465039
"H3R40A",396.280640786653,48.0966666661101,19.6353819434497
"H3K79A",426.146583773861,75.329210075851,30.7530212354594
"H3K4A",465.879350846466,45.9174435171838,18.7457178183613
"H3K36A",398.958850133394,53.8934351983132,22.0019027869364
